#,Time,%Passes,Change,Test,Pass,Partial,Fail,Untested
0,Mon Nov 06 13:07:09 EST 2017,0,0,Assignment9Suite, , ,ArthurBridgeSceneControllerTestCase- BridgeSceneControllerFactoryMethodTest- CommandInterpreterControllerFactoryMethodTest- CommandInterpreterViewFactoryMethodTest- DelegatingBridgeSceneViewFactoryMethodTest- ExistingPaintListenerTestCase- GalahadBridgeSceneControllerTestCase- InheritingBridgeScenePainterFactoryMethodTest- LancelotBridgeSceneControllerTestCase- NewPaintListenerTestCase- ObservableBridgeScenePainterFactoryMethodTest- RobinBridgeSceneControllerTestCase- , ,
1,Wed Nov 08 20:47:18 EST 2017,0,0,Assignment9Suite, , ,ArthurBridgeSceneControllerTestCase BridgeSceneControllerFactoryMethodTest CommandInterpreterControllerFactoryMethodTest CommandInterpreterViewFactoryMethodTest DelegatingBridgeSceneViewFactoryMethodTest ExistingPaintListenerTestCase GalahadBridgeSceneControllerTestCase InheritingBridgeScenePainterFactoryMethodTest LancelotBridgeSceneControllerTestCase NewPaintListenerTestCase ObservableBridgeScenePainterFactoryMethodTest RobinBridgeSceneControllerTestCase , ,
2,Wed Nov 08 21:50:49 EST 2017,8,8,Assignment9Suite,ObservableBridgeScenePainterFactoryMethodTest+ , ,ArthurBridgeSceneControllerTestCase BridgeSceneControllerFactoryMethodTest CommandInterpreterControllerFactoryMethodTest CommandInterpreterViewFactoryMethodTest DelegatingBridgeSceneViewFactoryMethodTest ExistingPaintListenerTestCase GalahadBridgeSceneControllerTestCase InheritingBridgeScenePainterFactoryMethodTest LancelotBridgeSceneControllerTestCase NewPaintListenerTestCase RobinBridgeSceneControllerTestCase , ,
3,Wed Nov 08 21:52:06 EST 2017,16,8,Assignment9Suite,DelegatingBridgeSceneViewFactoryMethodTest+ ObservableBridgeScenePainterFactoryMethodTest ,ExistingPaintListenerTestCase+ ,ArthurBridgeSceneControllerTestCase BridgeSceneControllerFactoryMethodTest CommandInterpreterControllerFactoryMethodTest CommandInterpreterViewFactoryMethodTest GalahadBridgeSceneControllerTestCase InheritingBridgeScenePainterFactoryMethodTest LancelotBridgeSceneControllerTestCase NewPaintListenerTestCase RobinBridgeSceneControllerTestCase , ,
4,Wed Nov 08 21:59:25 EST 2017,16,0,Assignment9Suite,DelegatingBridgeSceneViewFactoryMethodTest ObservableBridgeScenePainterFactoryMethodTest ,ExistingPaintListenerTestCase ,ArthurBridgeSceneControllerTestCase BridgeSceneControllerFactoryMethodTest CommandInterpreterControllerFactoryMethodTest CommandInterpreterViewFactoryMethodTest GalahadBridgeSceneControllerTestCase InheritingBridgeScenePainterFactoryMethodTest LancelotBridgeSceneControllerTestCase NewPaintListenerTestCase RobinBridgeSceneControllerTestCase , ,
5,Wed Nov 08 23:21:39 EST 2017,16,0,Assignment9Suite,DelegatingBridgeSceneViewFactoryMethodTest ObservableBridgeScenePainterFactoryMethodTest ,ExistingPaintListenerTestCase ,ArthurBridgeSceneControllerTestCase BridgeSceneControllerFactoryMethodTest CommandInterpreterControllerFactoryMethodTest CommandInterpreterViewFactoryMethodTest GalahadBridgeSceneControllerTestCase InheritingBridgeScenePainterFactoryMethodTest LancelotBridgeSceneControllerTestCase NewPaintListenerTestCase RobinBridgeSceneControllerTestCase , ,
6,Thu Nov 09 00:29:15 EST 2017,16,0,Assignment9Suite,DelegatingBridgeSceneViewFactoryMethodTest ObservableBridgeScenePainterFactoryMethodTest ,ExistingPaintListenerTestCase ,ArthurBridgeSceneControllerTestCase BridgeSceneControllerFactoryMethodTest CommandInterpreterControllerFactoryMethodTest CommandInterpreterViewFactoryMethodTest GalahadBridgeSceneControllerTestCase InheritingBridgeScenePainterFactoryMethodTest LancelotBridgeSceneControllerTestCase NewPaintListenerTestCase RobinBridgeSceneControllerTestCase , ,
7,Thu Nov 09 00:34:14 EST 2017,25,9,Assignment9Suite,BridgeSceneControllerFactoryMethodTest+ DelegatingBridgeSceneViewFactoryMethodTest ObservableBridgeScenePainterFactoryMethodTest ,ExistingPaintListenerTestCase ,ArthurBridgeSceneControllerTestCase CommandInterpreterControllerFactoryMethodTest CommandInterpreterViewFactoryMethodTest GalahadBridgeSceneControllerTestCase InheritingBridgeScenePainterFactoryMethodTest LancelotBridgeSceneControllerTestCase NewPaintListenerTestCase RobinBridgeSceneControllerTestCase , ,
8,Thu Nov 09 00:36:45 EST 2017,25,0,Assignment9Suite,BridgeSceneControllerFactoryMethodTest DelegatingBridgeSceneViewFactoryMethodTest ObservableBridgeScenePainterFactoryMethodTest ,ExistingPaintListenerTestCase ,ArthurBridgeSceneControllerTestCase CommandInterpreterControllerFactoryMethodTest CommandInterpreterViewFactoryMethodTest GalahadBridgeSceneControllerTestCase InheritingBridgeScenePainterFactoryMethodTest LancelotBridgeSceneControllerTestCase NewPaintListenerTestCase RobinBridgeSceneControllerTestCase , ,
9,Thu Nov 09 00:42:04 EST 2017,25,0,Assignment9Suite,BridgeSceneControllerFactoryMethodTest DelegatingBridgeSceneViewFactoryMethodTest ObservableBridgeScenePainterFactoryMethodTest ,ExistingPaintListenerTestCase ,ArthurBridgeSceneControllerTestCase CommandInterpreterControllerFactoryMethodTest CommandInterpreterViewFactoryMethodTest GalahadBridgeSceneControllerTestCase InheritingBridgeScenePainterFactoryMethodTest LancelotBridgeSceneControllerTestCase NewPaintListenerTestCase RobinBridgeSceneControllerTestCase , ,
10,Thu Nov 09 00:43:38 EST 2017,25,0,Assignment9Suite,BridgeSceneControllerFactoryMethodTest DelegatingBridgeSceneViewFactoryMethodTest ObservableBridgeScenePainterFactoryMethodTest ,ExistingPaintListenerTestCase ,ArthurBridgeSceneControllerTestCase CommandInterpreterControllerFactoryMethodTest CommandInterpreterViewFactoryMethodTest GalahadBridgeSceneControllerTestCase InheritingBridgeScenePainterFactoryMethodTest LancelotBridgeSceneControllerTestCase NewPaintListenerTestCase RobinBridgeSceneControllerTestCase , ,
11,Thu Nov 09 00:45:10 EST 2017,25,0,Assignment9Suite,BridgeSceneControllerFactoryMethodTest DelegatingBridgeSceneViewFactoryMethodTest ObservableBridgeScenePainterFactoryMethodTest ,ExistingPaintListenerTestCase ,ArthurBridgeSceneControllerTestCase CommandInterpreterControllerFactoryMethodTest CommandInterpreterViewFactoryMethodTest GalahadBridgeSceneControllerTestCase InheritingBridgeScenePainterFactoryMethodTest LancelotBridgeSceneControllerTestCase NewPaintListenerTestCase RobinBridgeSceneControllerTestCase , ,
12,Thu Nov 09 00:49:44 EST 2017,25,0,Assignment9Suite,BridgeSceneControllerFactoryMethodTest DelegatingBridgeSceneViewFactoryMethodTest ObservableBridgeScenePainterFactoryMethodTest ,ExistingPaintListenerTestCase ,ArthurBridgeSceneControllerTestCase CommandInterpreterControllerFactoryMethodTest CommandInterpreterViewFactoryMethodTest GalahadBridgeSceneControllerTestCase InheritingBridgeScenePainterFactoryMethodTest LancelotBridgeSceneControllerTestCase NewPaintListenerTestCase RobinBridgeSceneControllerTestCase , ,
13,Thu Nov 09 00:57:04 EST 2017,25,0,Assignment9Suite,BridgeSceneControllerFactoryMethodTest DelegatingBridgeSceneViewFactoryMethodTest ObservableBridgeScenePainterFactoryMethodTest ,ExistingPaintListenerTestCase ,ArthurBridgeSceneControllerTestCase CommandInterpreterControllerFactoryMethodTest CommandInterpreterViewFactoryMethodTest GalahadBridgeSceneControllerTestCase InheritingBridgeScenePainterFactoryMethodTest LancelotBridgeSceneControllerTestCase NewPaintListenerTestCase RobinBridgeSceneControllerTestCase , ,
14,Thu Nov 09 01:04:05 EST 2017,25,0,Assignment9Suite,BridgeSceneControllerFactoryMethodTest DelegatingBridgeSceneViewFactoryMethodTest ObservableBridgeScenePainterFactoryMethodTest ,ExistingPaintListenerTestCase ,ArthurBridgeSceneControllerTestCase CommandInterpreterControllerFactoryMethodTest CommandInterpreterViewFactoryMethodTest GalahadBridgeSceneControllerTestCase InheritingBridgeScenePainterFactoryMethodTest LancelotBridgeSceneControllerTestCase NewPaintListenerTestCase RobinBridgeSceneControllerTestCase , ,
15,Thu Nov 09 01:05:28 EST 2017,25,0,Assignment9Suite,BridgeSceneControllerFactoryMethodTest DelegatingBridgeSceneViewFactoryMethodTest ObservableBridgeScenePainterFactoryMethodTest ,ExistingPaintListenerTestCase ,ArthurBridgeSceneControllerTestCase CommandInterpreterControllerFactoryMethodTest CommandInterpreterViewFactoryMethodTest GalahadBridgeSceneControllerTestCase InheritingBridgeScenePainterFactoryMethodTest LancelotBridgeSceneControllerTestCase NewPaintListenerTestCase RobinBridgeSceneControllerTestCase , ,
16,Thu Nov 09 01:12:59 EST 2017,25,0,Assignment9Suite,BridgeSceneControllerFactoryMethodTest DelegatingBridgeSceneViewFactoryMethodTest ObservableBridgeScenePainterFactoryMethodTest ,ExistingPaintListenerTestCase ,ArthurBridgeSceneControllerTestCase CommandInterpreterControllerFactoryMethodTest CommandInterpreterViewFactoryMethodTest GalahadBridgeSceneControllerTestCase InheritingBridgeScenePainterFactoryMethodTest LancelotBridgeSceneControllerTestCase NewPaintListenerTestCase RobinBridgeSceneControllerTestCase , ,
17,Thu Nov 09 01:13:32 EST 2017,25,0,Assignment9Suite,BridgeSceneControllerFactoryMethodTest DelegatingBridgeSceneViewFactoryMethodTest ObservableBridgeScenePainterFactoryMethodTest ,ExistingPaintListenerTestCase ,ArthurBridgeSceneControllerTestCase CommandInterpreterControllerFactoryMethodTest CommandInterpreterViewFactoryMethodTest GalahadBridgeSceneControllerTestCase InheritingBridgeScenePainterFactoryMethodTest LancelotBridgeSceneControllerTestCase NewPaintListenerTestCase RobinBridgeSceneControllerTestCase , ,
18,Thu Nov 09 11:50:38 EST 2017,25,0,BridgeSceneControllerSuite,BridgeSceneControllerFactoryMethodTest DelegatingBridgeSceneViewFactoryMethodTest ObservableBridgeScenePainterFactoryMethodTest ,ExistingPaintListenerTestCase ,ArthurBridgeSceneControllerTestCase CommandInterpreterControllerFactoryMethodTest CommandInterpreterViewFactoryMethodTest GalahadBridgeSceneControllerTestCase InheritingBridgeScenePainterFactoryMethodTest LancelotBridgeSceneControllerTestCase NewPaintListenerTestCase RobinBridgeSceneControllerTestCase , ,
19,Thu Nov 09 11:52:10 EST 2017,25,0,BridgeSceneControllerSuite,BridgeSceneControllerFactoryMethodTest DelegatingBridgeSceneViewFactoryMethodTest ObservableBridgeScenePainterFactoryMethodTest ,ExistingPaintListenerTestCase ,ArthurBridgeSceneControllerTestCase CommandInterpreterControllerFactoryMethodTest CommandInterpreterViewFactoryMethodTest GalahadBridgeSceneControllerTestCase InheritingBridgeScenePainterFactoryMethodTest LancelotBridgeSceneControllerTestCase NewPaintListenerTestCase RobinBridgeSceneControllerTestCase , ,
20,Thu Nov 09 11:54:20 EST 2017,25,0,BridgeSceneControllerSuite,BridgeSceneControllerFactoryMethodTest DelegatingBridgeSceneViewFactoryMethodTest ObservableBridgeScenePainterFactoryMethodTest ,ExistingPaintListenerTestCase ,ArthurBridgeSceneControllerTestCase CommandInterpreterControllerFactoryMethodTest CommandInterpreterViewFactoryMethodTest GalahadBridgeSceneControllerTestCase InheritingBridgeScenePainterFactoryMethodTest LancelotBridgeSceneControllerTestCase NewPaintListenerTestCase RobinBridgeSceneControllerTestCase , ,
21,Thu Nov 09 11:58:14 EST 2017,25,0,BridgeSceneControllerSuite,BridgeSceneControllerFactoryMethodTest DelegatingBridgeSceneViewFactoryMethodTest ObservableBridgeScenePainterFactoryMethodTest ,ExistingPaintListenerTestCase ,ArthurBridgeSceneControllerTestCase CommandInterpreterControllerFactoryMethodTest CommandInterpreterViewFactoryMethodTest GalahadBridgeSceneControllerTestCase InheritingBridgeScenePainterFactoryMethodTest LancelotBridgeSceneControllerTestCase NewPaintListenerTestCase RobinBridgeSceneControllerTestCase , ,
22,Sat Nov 11 19:43:03 EST 2017,25,0,Assignment9Suite,BridgeSceneControllerFactoryMethodTest DelegatingBridgeSceneViewFactoryMethodTest ObservableBridgeScenePainterFactoryMethodTest ,ExistingPaintListenerTestCase ,ArthurBridgeSceneControllerTestCase CommandInterpreterControllerFactoryMethodTest CommandInterpreterViewFactoryMethodTest GalahadBridgeSceneControllerTestCase InheritingBridgeScenePainterFactoryMethodTest LancelotBridgeSceneControllerTestCase NewPaintListenerTestCase RobinBridgeSceneControllerTestCase , ,
23,Sat Nov 11 19:43:44 EST 2017,25,0,ObservablePainterSuite,BridgeSceneControllerFactoryMethodTest DelegatingBridgeSceneViewFactoryMethodTest ObservableBridgeScenePainterFactoryMethodTest ,ExistingPaintListenerTestCase ,ArthurBridgeSceneControllerTestCase CommandInterpreterControllerFactoryMethodTest CommandInterpreterViewFactoryMethodTest GalahadBridgeSceneControllerTestCase InheritingBridgeScenePainterFactoryMethodTest LancelotBridgeSceneControllerTestCase NewPaintListenerTestCase RobinBridgeSceneControllerTestCase , ,
24,Sat Nov 11 19:45:48 EST 2017,25,0,Assignment9Suite,BridgeSceneControllerFactoryMethodTest DelegatingBridgeSceneViewFactoryMethodTest ObservableBridgeScenePainterFactoryMethodTest ,ExistingPaintListenerTestCase ,ArthurBridgeSceneControllerTestCase CommandInterpreterControllerFactoryMethodTest CommandInterpreterViewFactoryMethodTest GalahadBridgeSceneControllerTestCase InheritingBridgeScenePainterFactoryMethodTest LancelotBridgeSceneControllerTestCase NewPaintListenerTestCase RobinBridgeSceneControllerTestCase , ,
25,Sat Nov 11 19:46:18 EST 2017,25,0,Assignment9Suite,BridgeSceneControllerFactoryMethodTest DelegatingBridgeSceneViewFactoryMethodTest ObservableBridgeScenePainterFactoryMethodTest ,ExistingPaintListenerTestCase ,ArthurBridgeSceneControllerTestCase CommandInterpreterControllerFactoryMethodTest CommandInterpreterViewFactoryMethodTest GalahadBridgeSceneControllerTestCase InheritingBridgeScenePainterFactoryMethodTest LancelotBridgeSceneControllerTestCase NewPaintListenerTestCase RobinBridgeSceneControllerTestCase , ,
26,Sat Nov 11 19:48:44 EST 2017,25,0,Assignment9Suite,BridgeSceneControllerFactoryMethodTest DelegatingBridgeSceneViewFactoryMethodTest ObservableBridgeScenePainterFactoryMethodTest ,ExistingPaintListenerTestCase ,ArthurBridgeSceneControllerTestCase CommandInterpreterControllerFactoryMethodTest CommandInterpreterViewFactoryMethodTest GalahadBridgeSceneControllerTestCase InheritingBridgeScenePainterFactoryMethodTest LancelotBridgeSceneControllerTestCase NewPaintListenerTestCase RobinBridgeSceneControllerTestCase , ,
27,Sat Nov 11 19:57:31 EST 2017,58,33,Assignment9Suite,ArthurBridgeSceneControllerTestCase+ BridgeSceneControllerFactoryMethodTest DelegatingBridgeSceneViewFactoryMethodTest GalahadBridgeSceneControllerTestCase+ LancelotBridgeSceneControllerTestCase+ ObservableBridgeScenePainterFactoryMethodTest RobinBridgeSceneControllerTestCase+ ,ExistingPaintListenerTestCase ,CommandInterpreterControllerFactoryMethodTest CommandInterpreterViewFactoryMethodTest InheritingBridgeScenePainterFactoryMethodTest NewPaintListenerTestCase , ,
28,Sat Nov 11 19:59:03 EST 2017,58,0,Assignment9Suite,ArthurBridgeSceneControllerTestCase BridgeSceneControllerFactoryMethodTest DelegatingBridgeSceneViewFactoryMethodTest GalahadBridgeSceneControllerTestCase LancelotBridgeSceneControllerTestCase ObservableBridgeScenePainterFactoryMethodTest RobinBridgeSceneControllerTestCase ,ExistingPaintListenerTestCase ,CommandInterpreterControllerFactoryMethodTest CommandInterpreterViewFactoryMethodTest InheritingBridgeScenePainterFactoryMethodTest NewPaintListenerTestCase , ,
29,Sat Nov 11 20:04:09 EST 2017,58,0,ObservablePainterSuite,ArthurBridgeSceneControllerTestCase BridgeSceneControllerFactoryMethodTest DelegatingBridgeSceneViewFactoryMethodTest GalahadBridgeSceneControllerTestCase LancelotBridgeSceneControllerTestCase ObservableBridgeScenePainterFactoryMethodTest RobinBridgeSceneControllerTestCase ,ExistingPaintListenerTestCase ,CommandInterpreterControllerFactoryMethodTest CommandInterpreterViewFactoryMethodTest InheritingBridgeScenePainterFactoryMethodTest NewPaintListenerTestCase , ,
30,Sat Nov 11 20:04:23 EST 2017,58,0,Assignment9Suite,ArthurBridgeSceneControllerTestCase BridgeSceneControllerFactoryMethodTest DelegatingBridgeSceneViewFactoryMethodTest GalahadBridgeSceneControllerTestCase LancelotBridgeSceneControllerTestCase ObservableBridgeScenePainterFactoryMethodTest RobinBridgeSceneControllerTestCase ,ExistingPaintListenerTestCase ,CommandInterpreterControllerFactoryMethodTest CommandInterpreterViewFactoryMethodTest InheritingBridgeScenePainterFactoryMethodTest NewPaintListenerTestCase , ,
31,Sat Nov 11 20:04:50 EST 2017,58,0,ObservablePainterSuite,ArthurBridgeSceneControllerTestCase BridgeSceneControllerFactoryMethodTest DelegatingBridgeSceneViewFactoryMethodTest GalahadBridgeSceneControllerTestCase LancelotBridgeSceneControllerTestCase ObservableBridgeScenePainterFactoryMethodTest RobinBridgeSceneControllerTestCase ,ExistingPaintListenerTestCase ,CommandInterpreterControllerFactoryMethodTest CommandInterpreterViewFactoryMethodTest InheritingBridgeScenePainterFactoryMethodTest NewPaintListenerTestCase , ,
32,Sat Nov 11 20:11:13 EST 2017,58,0,Assignment9Suite,ArthurBridgeSceneControllerTestCase BridgeSceneControllerFactoryMethodTest DelegatingBridgeSceneViewFactoryMethodTest GalahadBridgeSceneControllerTestCase LancelotBridgeSceneControllerTestCase ObservableBridgeScenePainterFactoryMethodTest RobinBridgeSceneControllerTestCase ,ExistingPaintListenerTestCase ,CommandInterpreterControllerFactoryMethodTest CommandInterpreterViewFactoryMethodTest InheritingBridgeScenePainterFactoryMethodTest NewPaintListenerTestCase , ,
33,Sat Nov 11 20:16:07 EST 2017,58,0,Assignment9Suite,ArthurBridgeSceneControllerTestCase BridgeSceneControllerFactoryMethodTest DelegatingBridgeSceneViewFactoryMethodTest GalahadBridgeSceneControllerTestCase LancelotBridgeSceneControllerTestCase ObservableBridgeScenePainterFactoryMethodTest RobinBridgeSceneControllerTestCase ,ExistingPaintListenerTestCase ,CommandInterpreterControllerFactoryMethodTest CommandInterpreterViewFactoryMethodTest InheritingBridgeScenePainterFactoryMethodTest NewPaintListenerTestCase , ,
34,Sat Nov 11 20:25:26 EST 2017,58,0,Assignment9Suite,ArthurBridgeSceneControllerTestCase BridgeSceneControllerFactoryMethodTest DelegatingBridgeSceneViewFactoryMethodTest GalahadBridgeSceneControllerTestCase LancelotBridgeSceneControllerTestCase ObservableBridgeScenePainterFactoryMethodTest RobinBridgeSceneControllerTestCase ,ExistingPaintListenerTestCase ,CommandInterpreterControllerFactoryMethodTest CommandInterpreterViewFactoryMethodTest InheritingBridgeScenePainterFactoryMethodTest NewPaintListenerTestCase , ,
35,Sat Nov 11 20:36:21 EST 2017,58,0,Assignment9Suite,ArthurBridgeSceneControllerTestCase BridgeSceneControllerFactoryMethodTest DelegatingBridgeSceneViewFactoryMethodTest GalahadBridgeSceneControllerTestCase LancelotBridgeSceneControllerTestCase ObservableBridgeScenePainterFactoryMethodTest RobinBridgeSceneControllerTestCase ,ExistingPaintListenerTestCase ,CommandInterpreterControllerFactoryMethodTest CommandInterpreterViewFactoryMethodTest InheritingBridgeScenePainterFactoryMethodTest NewPaintListenerTestCase , ,
36,Sat Nov 11 20:36:30 EST 2017,58,0,ObservablePainterSuite,ArthurBridgeSceneControllerTestCase BridgeSceneControllerFactoryMethodTest DelegatingBridgeSceneViewFactoryMethodTest GalahadBridgeSceneControllerTestCase LancelotBridgeSceneControllerTestCase ObservableBridgeScenePainterFactoryMethodTest RobinBridgeSceneControllerTestCase ,ExistingPaintListenerTestCase ,CommandInterpreterControllerFactoryMethodTest CommandInterpreterViewFactoryMethodTest InheritingBridgeScenePainterFactoryMethodTest NewPaintListenerTestCase , ,
37,Sat Nov 11 20:40:20 EST 2017,66,8,Assignment9Suite,ArthurBridgeSceneControllerTestCase BridgeSceneControllerFactoryMethodTest DelegatingBridgeSceneViewFactoryMethodTest ExistingPaintListenerTestCase+ GalahadBridgeSceneControllerTestCase LancelotBridgeSceneControllerTestCase ObservableBridgeScenePainterFactoryMethodTest RobinBridgeSceneControllerTestCase , ,CommandInterpreterControllerFactoryMethodTest CommandInterpreterViewFactoryMethodTest InheritingBridgeScenePainterFactoryMethodTest NewPaintListenerTestCase , ,
38,Sat Nov 11 20:51:54 EST 2017,66,0,Assignment9Suite,ArthurBridgeSceneControllerTestCase BridgeSceneControllerFactoryMethodTest DelegatingBridgeSceneViewFactoryMethodTest ExistingPaintListenerTestCase GalahadBridgeSceneControllerTestCase LancelotBridgeSceneControllerTestCase ObservableBridgeScenePainterFactoryMethodTest RobinBridgeSceneControllerTestCase , ,CommandInterpreterControllerFactoryMethodTest CommandInterpreterViewFactoryMethodTest InheritingBridgeScenePainterFactoryMethodTest NewPaintListenerTestCase , ,
39,Sat Nov 11 20:55:19 EST 2017,66,0,Assignment9Suite,ArthurBridgeSceneControllerTestCase BridgeSceneControllerFactoryMethodTest DelegatingBridgeSceneViewFactoryMethodTest ExistingPaintListenerTestCase GalahadBridgeSceneControllerTestCase LancelotBridgeSceneControllerTestCase ObservableBridgeScenePainterFactoryMethodTest RobinBridgeSceneControllerTestCase , ,CommandInterpreterControllerFactoryMethodTest CommandInterpreterViewFactoryMethodTest InheritingBridgeScenePainterFactoryMethodTest NewPaintListenerTestCase , ,
40,Sat Nov 11 21:03:41 EST 2017,66,0,Assignment9Suite,ArthurBridgeSceneControllerTestCase BridgeSceneControllerFactoryMethodTest DelegatingBridgeSceneViewFactoryMethodTest ExistingPaintListenerTestCase GalahadBridgeSceneControllerTestCase LancelotBridgeSceneControllerTestCase ObservableBridgeScenePainterFactoryMethodTest RobinBridgeSceneControllerTestCase , ,CommandInterpreterControllerFactoryMethodTest CommandInterpreterViewFactoryMethodTest InheritingBridgeScenePainterFactoryMethodTest NewPaintListenerTestCase , ,
41,Sat Nov 11 21:05:13 EST 2017,66,0,Assignment9Suite,ArthurBridgeSceneControllerTestCase BridgeSceneControllerFactoryMethodTest DelegatingBridgeSceneViewFactoryMethodTest ExistingPaintListenerTestCase GalahadBridgeSceneControllerTestCase LancelotBridgeSceneControllerTestCase ObservableBridgeScenePainterFactoryMethodTest RobinBridgeSceneControllerTestCase , ,CommandInterpreterControllerFactoryMethodTest CommandInterpreterViewFactoryMethodTest InheritingBridgeScenePainterFactoryMethodTest NewPaintListenerTestCase , ,
42,Sat Nov 11 22:46:39 EST 2017,83,17,Assignment9Suite,ArthurBridgeSceneControllerTestCase BridgeSceneControllerFactoryMethodTest CommandInterpreterControllerFactoryMethodTest+ CommandInterpreterViewFactoryMethodTest+ DelegatingBridgeSceneViewFactoryMethodTest ExistingPaintListenerTestCase GalahadBridgeSceneControllerTestCase LancelotBridgeSceneControllerTestCase ObservableBridgeScenePainterFactoryMethodTest RobinBridgeSceneControllerTestCase , ,InheritingBridgeScenePainterFactoryMethodTest NewPaintListenerTestCase , ,
43,Thu Nov 16 19:27:24 EST 2017,83,0,Assignment9Suite,ArthurBridgeSceneControllerTestCase BridgeSceneControllerFactoryMethodTest CommandInterpreterControllerFactoryMethodTest CommandInterpreterViewFactoryMethodTest DelegatingBridgeSceneViewFactoryMethodTest ExistingPaintListenerTestCase GalahadBridgeSceneControllerTestCase LancelotBridgeSceneControllerTestCase ObservableBridgeScenePainterFactoryMethodTest RobinBridgeSceneControllerTestCase , ,InheritingBridgeScenePainterFactoryMethodTest NewPaintListenerTestCase , ,
44,Sun Nov 19 17:55:33 EST 2017,83,0,Assignment9Suite,ArthurBridgeSceneControllerTestCase BridgeSceneControllerFactoryMethodTest CommandInterpreterControllerFactoryMethodTest CommandInterpreterViewFactoryMethodTest DelegatingBridgeSceneViewFactoryMethodTest ExistingPaintListenerTestCase GalahadBridgeSceneControllerTestCase LancelotBridgeSceneControllerTestCase ObservableBridgeScenePainterFactoryMethodTest RobinBridgeSceneControllerTestCase , ,InheritingBridgeScenePainterFactoryMethodTest NewPaintListenerTestCase , ,
45,Sun Nov 19 18:34:19 EST 2017,83,0,Assignment9Suite,ArthurBridgeSceneControllerTestCase BridgeSceneControllerFactoryMethodTest CommandInterpreterControllerFactoryMethodTest CommandInterpreterViewFactoryMethodTest DelegatingBridgeSceneViewFactoryMethodTest ExistingPaintListenerTestCase GalahadBridgeSceneControllerTestCase LancelotBridgeSceneControllerTestCase ObservableBridgeScenePainterFactoryMethodTest RobinBridgeSceneControllerTestCase , ,InheritingBridgeScenePainterFactoryMethodTest NewPaintListenerTestCase , ,
46,Sun Nov 19 18:47:45 EST 2017,83,0,Assignment9Suite,ArthurBridgeSceneControllerTestCase BridgeSceneControllerFactoryMethodTest CommandInterpreterControllerFactoryMethodTest CommandInterpreterViewFactoryMethodTest DelegatingBridgeSceneViewFactoryMethodTest ExistingPaintListenerTestCase GalahadBridgeSceneControllerTestCase LancelotBridgeSceneControllerTestCase ObservableBridgeScenePainterFactoryMethodTest RobinBridgeSceneControllerTestCase , ,InheritingBridgeScenePainterFactoryMethodTest NewPaintListenerTestCase , ,
47,Sun Nov 19 18:49:21 EST 2017,83,0,Assignment9Suite,ArthurBridgeSceneControllerTestCase BridgeSceneControllerFactoryMethodTest CommandInterpreterControllerFactoryMethodTest CommandInterpreterViewFactoryMethodTest DelegatingBridgeSceneViewFactoryMethodTest ExistingPaintListenerTestCase GalahadBridgeSceneControllerTestCase LancelotBridgeSceneControllerTestCase ObservableBridgeScenePainterFactoryMethodTest RobinBridgeSceneControllerTestCase , ,InheritingBridgeScenePainterFactoryMethodTest NewPaintListenerTestCase , ,
48,Sun Nov 19 20:11:12 EST 2017,83,0,Assignment9Suite,ArthurBridgeSceneControllerTestCase BridgeSceneControllerFactoryMethodTest CommandInterpreterControllerFactoryMethodTest CommandInterpreterViewFactoryMethodTest DelegatingBridgeSceneViewFactoryMethodTest ExistingPaintListenerTestCase GalahadBridgeSceneControllerTestCase LancelotBridgeSceneControllerTestCase ObservableBridgeScenePainterFactoryMethodTest RobinBridgeSceneControllerTestCase , ,InheritingBridgeScenePainterFactoryMethodTest NewPaintListenerTestCase , ,
49,Sun Nov 19 21:35:25 EST 2017,83,0,Assignment9Suite,ArthurBridgeSceneControllerTestCase BridgeSceneControllerFactoryMethodTest CommandInterpreterControllerFactoryMethodTest CommandInterpreterViewFactoryMethodTest DelegatingBridgeSceneViewFactoryMethodTest ExistingPaintListenerTestCase GalahadBridgeSceneControllerTestCase LancelotBridgeSceneControllerTestCase ObservableBridgeScenePainterFactoryMethodTest RobinBridgeSceneControllerTestCase , ,InheritingBridgeScenePainterFactoryMethodTest NewPaintListenerTestCase , ,
50,Sun Nov 19 21:48:17 EST 2017,83,0,Assignment9Suite,ArthurBridgeSceneControllerTestCase BridgeSceneControllerFactoryMethodTest CommandInterpreterControllerFactoryMethodTest CommandInterpreterViewFactoryMethodTest DelegatingBridgeSceneViewFactoryMethodTest ExistingPaintListenerTestCase GalahadBridgeSceneControllerTestCase LancelotBridgeSceneControllerTestCase ObservableBridgeScenePainterFactoryMethodTest RobinBridgeSceneControllerTestCase , ,InheritingBridgeScenePainterFactoryMethodTest NewPaintListenerTestCase , ,
51,Tue Nov 21 11:19:48 EST 2017,83,0,Assignment9Suite,ArthurBridgeSceneControllerTestCase BridgeSceneControllerFactoryMethodTest CommandInterpreterControllerFactoryMethodTest CommandInterpreterViewFactoryMethodTest DelegatingBridgeSceneViewFactoryMethodTest ExistingPaintListenerTestCase GalahadBridgeSceneControllerTestCase LancelotBridgeSceneControllerTestCase ObservableBridgeScenePainterFactoryMethodTest RobinBridgeSceneControllerTestCase , ,InheritingBridgeScenePainterFactoryMethodTest NewPaintListenerTestCase , ,
52,Tue Nov 21 11:43:16 EST 2017,83,0,Assignment9Suite,ArthurBridgeSceneControllerTestCase BridgeSceneControllerFactoryMethodTest CommandInterpreterControllerFactoryMethodTest CommandInterpreterViewFactoryMethodTest DelegatingBridgeSceneViewFactoryMethodTest ExistingPaintListenerTestCase GalahadBridgeSceneControllerTestCase LancelotBridgeSceneControllerTestCase ObservableBridgeScenePainterFactoryMethodTest RobinBridgeSceneControllerTestCase , ,InheritingBridgeScenePainterFactoryMethodTest NewPaintListenerTestCase , ,
53,Tue Nov 21 11:44:41 EST 2017,83,0,Assignment9Suite,ArthurBridgeSceneControllerTestCase BridgeSceneControllerFactoryMethodTest CommandInterpreterControllerFactoryMethodTest CommandInterpreterViewFactoryMethodTest DelegatingBridgeSceneViewFactoryMethodTest ExistingPaintListenerTestCase GalahadBridgeSceneControllerTestCase LancelotBridgeSceneControllerTestCase ObservableBridgeScenePainterFactoryMethodTest RobinBridgeSceneControllerTestCase , ,InheritingBridgeScenePainterFactoryMethodTest NewPaintListenerTestCase , ,
54,Tue Nov 21 12:07:18 EST 2017,83,0,Assignment9Suite,ArthurBridgeSceneControllerTestCase BridgeSceneControllerFactoryMethodTest CommandInterpreterControllerFactoryMethodTest CommandInterpreterViewFactoryMethodTest DelegatingBridgeSceneViewFactoryMethodTest ExistingPaintListenerTestCase GalahadBridgeSceneControllerTestCase LancelotBridgeSceneControllerTestCase ObservableBridgeScenePainterFactoryMethodTest RobinBridgeSceneControllerTestCase , ,InheritingBridgeScenePainterFactoryMethodTest NewPaintListenerTestCase , ,
55,Tue Nov 21 12:48:15 EST 2017,83,0,Assignment9Suite,ArthurBridgeSceneControllerTestCase BridgeSceneControllerFactoryMethodTest CommandInterpreterControllerFactoryMethodTest CommandInterpreterViewFactoryMethodTest DelegatingBridgeSceneViewFactoryMethodTest ExistingPaintListenerTestCase GalahadBridgeSceneControllerTestCase LancelotBridgeSceneControllerTestCase ObservableBridgeScenePainterFactoryMethodTest RobinBridgeSceneControllerTestCase , ,InheritingBridgeScenePainterFactoryMethodTest NewPaintListenerTestCase , ,
56,Tue Nov 21 12:57:44 EST 2017,83,0,Assignment9Suite,ArthurBridgeSceneControllerTestCase BridgeSceneControllerFactoryMethodTest CommandInterpreterControllerFactoryMethodTest CommandInterpreterViewFactoryMethodTest DelegatingBridgeSceneViewFactoryMethodTest ExistingPaintListenerTestCase GalahadBridgeSceneControllerTestCase LancelotBridgeSceneControllerTestCase ObservableBridgeScenePainterFactoryMethodTest RobinBridgeSceneControllerTestCase ,NewPaintListenerTestCase+ ,InheritingBridgeScenePainterFactoryMethodTest , ,
57,Tue Nov 21 15:36:04 EST 2017,83,0,Assignment9Suite,ArthurBridgeSceneControllerTestCase BridgeSceneControllerFactoryMethodTest CommandInterpreterControllerFactoryMethodTest CommandInterpreterViewFactoryMethodTest DelegatingBridgeSceneViewFactoryMethodTest ExistingPaintListenerTestCase GalahadBridgeSceneControllerTestCase LancelotBridgeSceneControllerTestCase ObservableBridgeScenePainterFactoryMethodTest RobinBridgeSceneControllerTestCase , ,InheritingBridgeScenePainterFactoryMethodTest NewPaintListenerTestCase- , ,
58,Tue Nov 21 16:34:31 EST 2017,83,0,Assignment9Suite,ArthurBridgeSceneControllerTestCase BridgeSceneControllerFactoryMethodTest CommandInterpreterControllerFactoryMethodTest CommandInterpreterViewFactoryMethodTest DelegatingBridgeSceneViewFactoryMethodTest ExistingPaintListenerTestCase GalahadBridgeSceneControllerTestCase LancelotBridgeSceneControllerTestCase ObservableBridgeScenePainterFactoryMethodTest RobinBridgeSceneControllerTestCase , ,InheritingBridgeScenePainterFactoryMethodTest NewPaintListenerTestCase , ,
59,Wed Nov 22 19:46:55 EST 2017,83,0,Assignment9Suite,ArthurBridgeSceneControllerTestCase BridgeSceneControllerFactoryMethodTest CommandInterpreterControllerFactoryMethodTest CommandInterpreterViewFactoryMethodTest DelegatingBridgeSceneViewFactoryMethodTest ExistingPaintListenerTestCase GalahadBridgeSceneControllerTestCase LancelotBridgeSceneControllerTestCase ObservableBridgeScenePainterFactoryMethodTest RobinBridgeSceneControllerTestCase , ,InheritingBridgeScenePainterFactoryMethodTest NewPaintListenerTestCase , ,
60,Wed Nov 22 19:48:56 EST 2017,83,0,Assignment9Suite,ArthurBridgeSceneControllerTestCase BridgeSceneControllerFactoryMethodTest CommandInterpreterControllerFactoryMethodTest CommandInterpreterViewFactoryMethodTest DelegatingBridgeSceneViewFactoryMethodTest ExistingPaintListenerTestCase GalahadBridgeSceneControllerTestCase LancelotBridgeSceneControllerTestCase ObservableBridgeScenePainterFactoryMethodTest RobinBridgeSceneControllerTestCase , ,InheritingBridgeScenePainterFactoryMethodTest NewPaintListenerTestCase , ,
